{"options":{},"indexes":[{"v":1,"key":{"_id":1},"name":"_id_","ns":"SMECS_database.PermissionsGroup"},{"v":1,"unique":true,"key":{"permissionsGroupID":1},"name":"permissionsGroupID_1","ns":"SMECS_database.PermissionsGroup","background":true},{"v":1,"unique":true,"key":{"permissionsGroupName":1},"name":"permissionsGroupName_1","ns":"SMECS_database.PermissionsGroup","background":true},{"v":1,"unique":true,"key":{"sortID":1},"name":"sortID_1","ns":"SMECS_database.PermissionsGroup","background":true}]}